[
  {
    "event_name": "finalize",
    "event_timestamp": 1592006400,
    "city": "Brasília",
    "state": "DF",
    "coupon": "PROMO10",
    "items": [
      {
        "item_id": "SKU-001",
        "item_name": "Teclado Mecânico",
        "price_in_usd": 49.9,
        "quantity": 1
      },
      {
        "item_id": "SKU-002",
        "item_name": "Mouse Gamer",
        "price_in_usd": 29.9,
        "quantity": 2
      }
    ]
  },
  {
    "event_name": "view",
    "event_timestamp": 1592092800,
    "city": "São Paulo",
    "state": "SP",
    "coupon": null,
    "items": [
      {
        "item_id": "SKU-003",
        "item_name": "Headset",
        "price_in_usd": 59.0,
        "quantity": 1
      }
    ]
  }
]